player,player_key,pos,team,adp_avg,market_rank,uncapped_model_rank,model_rank,fair_adp,actionable_adp,value_gap,forecast_points,forecast_ppg,forecast_games,model_value,position_rank,edge_probability,calibration_sample,confidence
jahmyr gibbs,jahmyrgibbs,RB,DET,1.5,1,1,1,1,1,0,235.3,17.1,13.7,100.0,1,0.28943729390490375,63,High
bijan robinson,bijanrobinson,RB,ATL,2.1,2,2,2,2,2,0,226.6,16.5,13.6,91.29999999999998,2,0.28943729390490375,63,High
jonathan taylor,jonathantaylor,RB,IND,5.8,6,3,3,3,5,3,214.4,15.5,13.7,79.1,3,0.28943729390490375,63,High
christian mccaffrey,christianmccaffrey,RB,SF,6.7,7,4,4,4,6,3,211.0,15.3,13.4,75.69999999999999,4,0.28943729390490375,63,High
ja'marr chase,jamarrchase,WR,CIN,4.1,4,5,5,5,4,-1,224.4,15.3,14.3,74.6,1,0.3314659197012138,56,High
puka nacua,pukanacua,WR,LAR,2.9,3,6,6,6,4,-3,218.4,15.0,14.2,68.6,2,0.3314659197012138,56,High
james cook iii,jamescook,RB,BUF,11.2,11,7,7,7,10,4,203.7,14.7,14.0,68.39999999999998,5,0.28943729390490375,63,High
jaxon smith-njigba,jaxonsmithnjigba,WR,SEA,5.3,5,8,8,8,6,-3,216.2,14.7,14.5,66.39999999999998,3,0.3314659197012138,56,High
derrick henry,derrickhenry,RB,BAL,10.1,10,9,9,9,10,1,198.1,14.3,13.5,62.79999999999998,6,0.28943729390490375,63,High
amon-ra st. brown,amonrastbrown,WR,DET,7.6,8,10,10,10,8,-2,211.9,14.6,14.2,62.099999999999994,4,0.3314659197012138,56,High
de'von achane,devonachane,RB,MIA,11.2,12,11,11,11,12,1,195.3,14.2,13.4,60.0,7,0.28943729390490375,63,High
ashton jeanty,ashtonjeanty,RB,LV,15.1,16,12,12,12,15,4,194.9,14.0,14.3,59.599999999999994,8,0.28943729390490375,63,Low
chase brown,chasebrown,RB,CIN,15.7,17,13,13,13,16,4,194.5,14.0,14.0,59.19999999999999,9,0.28943729390490375,63,High
saquon barkley,saquonbarkley,RB,PHI,18.2,18,14,14,14,17,4,193.8,13.9,14.2,58.5,10,0.28943729390490375,63,High
josh allen,joshallen,QB,BUF,26.6,27,15,15,15,24,12,311.7,21.0,14.8,57.0,1,0.4091567661547378,13,High
omarion hampton,omarionhampton,RB,LAC,21.8,21,16,16,16,20,5,189.2,13.6,13.7,53.89999999999998,11,0.28943729390490375,63,Low
kenneth walker,kennethwalker,RB,KC,25.7,26,17,17,17,24,9,185.1,13.3,14.3,49.79999999999998,12,0.28943729390490375,63,High
ceedee lamb,ceedeelamb,WR,DAL,12.6,13,18,18,18,14,-5,198.0,13.9,14.0,48.19999999999999,5,0.3314659197012138,56,High
justin jefferson,justinjefferson,WR,MIN,14.9,15,19,19,19,16,-4,196.4,13.6,14.1,46.599999999999994,6,0.3314659197012138,56,High
drake london,drakelondon,WR,ATL,10.0,9,22,20,20,12,-11,194.3,13.5,14.0,44.5,7,0.3314659197012138,56,High
josh jacobs,joshjacobs,RB,GB,24.0,24,24,21,21,23,3,176.2,12.8,13.4,40.89999999999998,13,0.28943729390490375,63,High
kyren williams,kyrenwilliams,RB,LAR,29.8,30,25,22,22,28,8,175.4,12.7,13.9,40.099999999999994,14,0.28943729390490375,63,High
breece hall,breecehall,RB,NYJ,28.0,28,29,23,23,27,5,169.8,12.3,13.6,34.5,16,0.28943729390490375,63,High
jeremiyah love,jeremiyahlove,RB,ARI,30.0,31,31,24,24,29,7,169.2,12.1,13.5,33.89999999999998,17,0.28943729390490375,63,Rookie / no NFL history
javonte williams,javontewilliams,RB,DAL,36.2,37,27,25,25,34,12,171.0,12.3,13.9,35.69999999999999,15,0.5215027187345527,1,High
a.j. brown,ajbrown,WR,NE,19.0,19,32,26,26,21,-7,182.8,13.1,13.7,33.0,8,0.3314659197012138,56,High
rashee rice,rasheerice,WR,KC,13.4,14,33,27,27,17,-13,182.6,13.1,13.6,32.79999999999998,9,0.2770483193277311,16,High
trey mcbride,treymcbride,TE,ARI,42.9,42,21,28,28,38,14,143.8,10.9,13.8,45.900000000000006,2,0.4746218487394958,9,High
cam skattebo,camskattebo,RB,NYG,34.6,35,34,29,29,34,6,167.1,12.1,13.0,31.799999999999983,18,0.28943729390490375,63,Low
brock bowers,brockbowers,TE,LV,44.0,45,20,30,30,41,15,144.4,10.7,13.8,46.5,1,0.4746218487394958,9,Medium
nico collins,nicocollins,WR,HOU,22.9,22,36,31,31,24,-9,181.3,12.8,13.8,31.5,11,0.3314659197012138,56,High
drake maye,drakemaye,QB,NE,46.1,49,23,32,32,45,17,296.8,20.3,14.4,42.10000000000002,2,0.5388655462184874,32,Medium
emeka egbuka,emekaegbuka,WR,TB,33.1,34,37,33,33,34,1,181.3,12.3,14.6,31.5,10,0.24325519681556834,41,Low
chris olave,chrisolave,WR,NO,23.6,23,38,34,34,26,-11,179.1,12.5,14.2,29.299999999999983,12,0.3314659197012138,56,High
malik nabers,maliknabers,WR,NYG,29.4,29,40,35,35,30,-6,178.5,12.6,13.9,28.69999999999999,13,0.3314659197012138,56,Medium
lamar jackson,lamarjackson,QB,BAL,52.6,54,26,36,36,50,18,291.2,19.9,14.4,36.5,3,0.5388655462184874,32,High
george pickens,georgepickens,WR,DAL,19.4,20,41,37,37,24,-17,177.8,12.5,14.0,28.0,14,0.2770483193277311,16,High
joe burrow,joeburrow,QB,CIN,57.1,57,28,38,38,52,19,289.6,19.8,14.2,34.900000000000034,4,0.5388655462184874,32,High
zay flowers,zayflowers,WR,BAL,25.0,25,42,39,39,28,-14,177.6,12.3,14.2,27.799999999999983,15,0.2770483193277311,16,High
devonta smith,devontasmith,WR,PHI,31.2,33,43,40,40,35,-7,175.9,12.4,14.0,26.099999999999994,16,0.3314659197012138,56,High
travis etienne jr.,travisetienne,RB,NO,41.5,41,44,41,41,41,0,161.2,11.6,13.7,25.899999999999977,19,0.28943729390490375,63,High
d'andre swift,dandreswift,RB,CHI,43.4,44,45,42,42,44,2,160.3,11.6,13.7,25.0,20,0.28943729390490375,63,High
colston loveland,colstonloveland,TE,CHI,63.9,65,30,43,43,60,22,132.3,9.5,13.6,34.400000000000006,3,0.5955182072829132,14,Low
dak prescott,dakprescott,QB,DAL,67.1,67,39,44,44,61,23,283.5,19.4,14.3,28.80000000000001,5,0.5388655462184874,32,High
tetairoa mcmillan,tetairoamcmillan,WR,CAR,35.9,36,46,45,45,38,-9,173.9,11.9,14.5,24.099999999999994,17,0.3314659197012138,56,Low
tyler warren,tylerwarren,TE,IND,70.6,70,35,46,46,64,24,129.6,9.5,13.6,31.69999999999999,4,0.6543564794338789,22,Low
quinshon judkins,quinshonjudkins,RB,CLE,50.0,52,47,47,47,51,5,159.0,11.5,14.0,23.69999999999999,21,0.5842807711319822,18,Low
jayden daniels,jaydendaniels,QB,WAS,71.9,73,48,48,48,67,25,277.3,19.0,14.1,22.600000000000023,6,0.5215027187345527,1,Medium
ladd mcconkey,laddmcconkey,WR,LAC,44.2,46,49,49,49,47,-3,171.7,11.8,14.3,21.899999999999977,18,0.3314659197012138,56,Medium
bucky irving,buckyirving,RB,TB,45.9,48,51,50,50,48,-2,156.7,11.3,13.4,21.399999999999977,22,0.33613445378151263,55,Medium
bhayshul tuten,bhayshultuten,RB,JAX,52.3,53,52,51,51,52,2,156.6,11.3,14.0,21.299999999999983,23,0.5842807711319822,18,Low
jalen hurts,jalenhurts,QB,PHI,75.7,77,54,52,52,71,25,275.5,18.8,14.2,20.80000000000001,7,0.5215027187345527,1,High
david montgomery,davidmontgomery,RB,HOU,61.1,61,56,53,53,59,8,154.2,11.1,14.0,18.899999999999977,24,0.5842807711319822,18,High
kyle pitts sr.,kylepitts,TE,ATL,81.8,83,50,54,54,76,29,119.7,8.7,13.6,21.799999999999997,5,0.6543564794338789,22,High
matthew stafford,matthewstafford,QB,LAR,75.9,78,58,55,55,72,23,272.7,18.7,14.3,18.0,8,0.5388655462184874,32,High
harold fannin jr.,haroldfannin,TE,CLE,83.9,86,53,56,56,78,30,119.0,8.7,13.5,21.099999999999994,6,0.6543564794338789,22,Low
garrett wilson,garrettwilson,WR,NYJ,31.0,32,59,57,57,38,-25,167.7,12.0,13.7,17.899999999999977,19,0.3419802703690172,7,High
treveyon henderson,treveyonhenderson,RB,NE,58.0,59,60,58,58,59,1,151.1,11.0,13.9,15.799999999999983,25,0.5842807711319822,18,Low
rome odunze,romeodunze,WR,CHI,44.8,47,61,59,59,50,-12,162.1,11.3,14.3,12.299999999999983,20,0.3314659197012138,56,Medium
jadarian price,jadarianprice,RB,SEA,72.0,74,62,60,60,70,14,147.5,10.4,13.9,12.199999999999989,26,0.6610644257703081,8,Rookie / no NFL history
tee higgins,teehiggins,WR,CIN,36.9,38,63,61,61,44,-23,161.4,11.6,13.6,11.599999999999994,21,0.2770483193277311,16,High
sam laporta,samlaporta,TE,DET,92.3,95,55,62,62,87,33,118.5,8.6,13.5,20.599999999999994,7,0.6543564794338789,22,High
brock purdy,brockpurdy,QB,SF,81.3,81,66,63,63,76,18,265.2,18.4,14.1,10.5,9,0.5388655462184874,32,High
dj moore,djmoore,WR,BUF,48.8,50,67,64,64,54,-14,159.2,11.4,13.8,9.399999999999977,22,0.39303221288515405,32,High
trevor lawrence,trevorlawrence,QB,JAX,90.2,92,68,65,65,85,27,264.0,18.0,14.1,9.300000000000011,10,0.5215027187345527,1,High
jaylen waddle,jaylenwaddle,WR,DEN,49.6,51,69,66,66,55,-15,159.1,11.3,14.0,9.299999999999983,23,0.39303221288515405,32,High
tucker kraft,tuckerkraft,TE,GB,99.8,102,57,67,67,93,35,116.7,8.5,13.6,18.799999999999997,8,0.6543564794338789,22,High
jameson williams,jamesonwilliams,WR,DET,40.4,40,70,68,68,47,-28,158.1,11.1,13.9,8.299999999999983,24,0.3419802703690172,7,High
carnell tate,carnelltate,WR,TEN,74.8,75,72,69,69,74,6,156.7,10.2,15.4,6.899999999999977,25,0.4781835811247576,36,Rookie / no NFL history
patrick mahomes,patrickmahomes,QB,KC,99.5,101,74,70,70,93,31,260.0,17.9,14.0,5.300000000000011,11,0.5215027187345527,1,High
tony pollard,tonypollard,RB,TEN,66.9,66,75,71,71,67,-5,140.0,10.2,13.6,4.699999999999989,27,0.46047307812013694,38,High
terry mclaurin,terrymclaurin,WR,WAS,43.3,43,76,72,72,50,-29,154.1,11.4,13.3,4.299999999999983,26,0.3419802703690172,7,High
rico dowdle,ricodowdle,RB,PIT,70.7,71,78,73,73,72,-2,137.7,10.0,13.5,2.3999999999999773,28,0.46047307812013694,38,High
davante adams,davanteadams,WR,LAR,38.8,39,79,74,74,48,-35,150.1,11.4,13.0,0.29999999999998295,28,0.3419802703690172,7,High
dallas goedert,dallasgoedert,TE,PHI,111.9,115,64,75,75,105,40,109.0,7.9,13.6,11.099999999999994,9,0.8190276110444178,40,High
marvin harrison jr.,marvinharrison,WR,ARI,62.6,63,80,76,76,66,-13,150.1,10.5,14.1,0.29999999999998295,27,0.39303221288515405,32,Medium
luther burden iii,lutherburden,WR,CHI,57.3,58,81,77,77,63,-19,149.9,10.5,14.2,0.09999999999999432,29,0.39303221288515405,32,Low
justin herbert,justinherbert,QB,LAC,104.7,107,82,78,78,100,29,254.7,17.5,13.9,0.0,12,0.5215027187345527,1,High
george kittle,georgekittle,TE,SF,118.8,121,65,79,79,110,42,108.5,8.1,13.5,10.599999999999994,10,0.8190276110444178,40,High
parker washington,parkerwashington,WR,JAX,67.1,68,83,80,80,71,-12,149.8,10.4,14.3,0.0,30,0.41977415966386555,48,High
chuba hubbard,chubahubbard,RB,CAR,75.9,79,84,81,81,80,-2,135.3,9.8,13.6,0.0,29,0.46047307812013694,38,High
travis kelce,traviskelce,TE,KC,126.7,125,73,82,82,114,43,104.5,7.8,13.4,6.599999999999994,12,0.8190276110444178,40,High
j.k. dobbins,jkdobbins,RB,DEN,87.8,90,86,83,83,88,7,135.1,9.7,13.3,-0.20000000000001705,30,0.5842807711319822,18,High
caleb williams,calebwilliams,QB,CHI,100.8,103,88,84,84,98,19,253.3,17.4,14.0,-1.3999999999999773,13,0.5388655462184874,32,Medium
christian watson,christianwatson,WR,GB,61.6,62,89,85,85,68,-23,147.1,10.8,13.7,-2.700000000000017,31,0.39303221288515405,32,High
alec pierce,alecpierce,WR,IND,52.8,55,90,86,86,63,-31,146.7,10.5,13.8,-3.1000000000000227,32,0.3648827952233525,22,High
jared goff,jaredgoff,QB,DET,108.3,112,91,87,87,106,25,251.3,17.4,13.9,-3.3999999999999773,14,0.5432773109243698,4,High
brian thomas jr.,brianthomas,WR,JAX,69.7,69,93,88,88,74,-19,145.4,10.1,14.0,-4.400000000000006,33,0.39303221288515405,32,Medium
isaiah likely,isaiahlikely,TE,NYG,136.5,136,71,89,89,124,47,104.9,7.3,13.4,7.0,11,0.8190276110444178,40,High
mark andrews,markandrews,TE,BAL,137.4,138,77,90,90,126,48,102.1,7.3,13.4,4.199999999999989,13,0.8190276110444178,40,High
dalton kincaid,daltonkincaid,TE,BUF,141.8,139,85,91,91,127,48,97.9,7.0,13.5,0.0,14,0.8190276110444178,40,High
dk metcalf,dkmetcalf,WR,PIT,62.9,64,94,92,92,71,-28,144.9,10.5,13.7,-4.900000000000006,34,0.3648827952233525,22,High
rhamondre stevenson,rhamondrestevenson,RB,NE,71.0,72,95,93,93,77,-21,129.8,9.5,13.1,-5.5,31,0.3513655462184874,32,High
jordyn tyson,jordyntyson,WR,NO,87.5,89,96,94,94,90,-5,143.7,9.4,15.2,-6.100000000000023,35,0.41977415966386555,48,Rookie / no NFL history
jaxson dart,jaxsondart,QB,NYG,104.9,108,97,95,95,105,13,248.3,17.2,13.8,-6.399999999999977,15,0.5388655462184874,32,Low
mike evans,mikeevans,WR,SF,55.7,56,98,96,96,66,-40,141.4,10.9,12.9,-8.400000000000006,36,0.3648827952233525,22,High
jake ferguson,jakeferguson,TE,DAL,146.6,149,87,97,97,136,52,96.6,7.2,13.3,-1.3000000000000114,15,0.8190276110444178,40,High
aaron jones sr.,aaronjones,RB,MIN,96.9,99,99,98,98,99,1,126.8,9.1,13.3,-8.500000000000014,32,0.5842807711319822,18,High
bo nix,bonix,QB,DEN,118.5,120,100,99,99,115,21,245.6,17.1,13.8,-9.099999999999994,16,0.5270483193277311,16,Medium
jaylen warren,jaylenwarren,RB,PIT,74.8,76,102,100,100,82,-24,125.2,9.2,13.1,-10.100000000000009,33,0.3513655462184874,32,High
courtland sutton,courtlandsutton,WR,DEN,58.3,60,103,101,101,70,-41,137.7,10.1,13.4,-12.100000000000023,37,0.3648827952233525,22,High
hunter henry,hunterhenry,TE,NE,151.5,156,92,102,102,142,54,93.7,6.8,13.5,-4.200000000000003,16,0.8190276110444178,40,High
rachaad white,rachaadwhite,RB,WAS,107.1,110,104,103,103,108,7,123.1,8.9,13.8,-12.200000000000017,34,0.6818727490996399,19,High
baker mayfield,bakermayfield,QB,TB,133.4,130,105,104,104,124,26,242.3,17.0,13.8,-12.399999999999977,17,0.5432773109243698,4,High
rj harvey,rjharvey,RB,DEN,88.1,91,107,105,105,94,-14,122.6,8.9,13.5,-12.700000000000017,35,0.3513655462184874,32,Low
michael wilson,michaelwilson,WR,ARI,82.5,85,109,106,106,90,-21,135.5,9.5,14.0,-14.300000000000011,38,0.39303221288515405,32,High
tyler shough,tylershough,QB,NO,136.0,134,110,107,107,127,27,239.3,16.7,13.6,-15.399999999999977,18,0.5432773109243698,4,Low
t.j. hockenson,tjhockenson,TE,MIN,159.7,166,106,108,108,152,58,85.3,6.0,13.4,-12.600000000000009,18,0.8190276110444178,40,High
quentin johnston,quentinjohnston,WR,LAC,82.2,84,111,109,109,90,-25,134.4,9.5,13.9,-15.400000000000006,39,0.3648827952233525,22,High
brenton strange,brentonstrange,TE,JAX,160.9,169,101,110,110,154,59,88.2,6.2,13.3,-9.700000000000003,17,0.8190276110444178,40,High
makai lemon,makailemon,WR,PHI,103.0,105,112,111,111,106,-6,134.0,8.7,15.2,-15.800000000000011,40,0.41977415966386555,48,Rookie / no NFL history
jonathon brooks,jonathonbrooks,RB,CAR,111.3,114,113,112,112,114,2,118.3,8.4,13.1,-17.000000000000014,36,0.6818727490996399,19,Low
juwan johnson,juwanjohnson,TE,NO,162.3,173,108,113,113,158,60,84.4,6.0,13.5,-13.5,19,0.8190276110444178,40,High
sam darnold,samdarnold,QB,SEA,142.8,141,115,114,114,134,27,236.9,16.8,13.6,-17.799999999999983,19,0.5432773109243698,4,High
michael pittman jr.,michaelpittman,WR,PIT,81.2,80,116,115,115,89,-35,131.9,9.5,13.7,-17.900000000000006,41,0.3648827952233525,22,High
wan'dale robinson,wandalerobinson,WR,TEN,84.1,87,117,116,116,94,-29,131.4,9.2,14.0,-18.400000000000006,42,0.3648827952233525,22,High
josh downs,joshdowns,WR,IND,94.2,97,118,117,117,102,-20,130.5,9.0,14.1,-19.30000000000001,43,0.39303221288515405,32,High
kenyon sadiq,kenyonsadiq,TE,NYJ,166.8,180,114,118,118,164,62,80.2,5.4,13.3,-17.700000000000003,20,0.8190276110444178,40,Rookie / no NFL history
kenny gainwell,kennygainwell,RB,TB,99.0,100,119,119,119,105,-19,115.7,8.4,13.5,-19.60000000000001,37,0.3513655462184874,32,High
chig okonkwo,chigokonkwo,TE,WAS,168.2,183,120,120,120,167,63,78.0,5.5,13.1,-19.900000000000006,21,0.8190276110444178,40,High
jacory croskey-merritt,jacorycroskeymerritt,RB,WAS,108.0,111,121,121,121,114,-10,115.2,8.3,13.8,-20.10000000000001,38,0.639655862344938,26,Low
jordan addison,jordanaddison,WR,MIN,91.1,94,122,122,122,101,-28,129.2,9.0,13.9,-20.600000000000023,44,0.3648827952233525,22,High
kyle monangai,kylemonangai,RB,CHI,105.1,109,123,123,123,112,-14,114.1,8.2,14.1,-21.200000000000017,39,0.6105805958747136,28,Low
jordan mason,jordanmason,RB,MIN,116.4,118,124,124,124,120,-6,113.8,8.2,13.7,-21.500000000000014,40,0.639655862344938,26,High
xavier worthy,xavierworthy,WR,KC,101.0,104,125,125,125,109,-21,127.4,8.7,14.3,-22.400000000000006,45,0.39303221288515405,32,Medium
kc concepcion,kcconcepcion,WR,CLE,126.7,126,126,126,126,126,0,127.3,8.2,15.2,-22.500000000000014,46,0.6940276110444178,40,Rookie / no NFL history
kyler murray,kylermurray,QB,MIN,144.5,143,127,127,127,139,16,228.1,16.0,13.5,-26.599999999999994,20,0.5270483193277311,16,High
jordan love,jordanlove,QB,GB,148.9,153,128,128,128,147,25,227.9,16.0,13.5,-26.799999999999983,21,0.5432773109243698,4,High
blake corum,blakecorum,RB,LAR,120.8,122,129,129,129,124,-7,108.1,7.8,14.1,-27.200000000000017,41,0.639655862344938,26,Medium
chris godwin jr.,chrisgodwin,WR,TB,87.0,88,130,130,130,98,-42,122.3,9.3,13.0,-27.500000000000014,47,0.3648827952233525,22,High
deebo samuel sr.,deebosamuel,WR,SF,94.1,96,131,131,131,105,-35,120.9,8.9,13.5,-28.900000000000006,48,0.3648827952233525,22,High
jakobi meyers,jakobimeyers,WR,JAX,81.4,82,132,132,132,94,-50,119.8,8.9,13.2,-30.000000000000014,49,0.3648827952233525,22,High
jayden reed,jaydenreed,WR,GB,90.4,93,133,133,133,103,-40,119.6,8.9,13.3,-30.200000000000017,50,0.3648827952233525,22,High
malik willis,malikwillis,QB,MIA,161.0,170,134,134,134,161,36,223.9,15.9,13.2,-30.799999999999983,22,0.5174069627851141,5,High
stefon diggs,stefondiggs,WR,WAS,94.9,98,135,135,135,107,-37,118.6,9.0,13.2,-31.200000000000017,51,0.3648827952233525,22,High
romeo doubs,romeodoubs,WR,NE,109.0,113,136,136,136,119,-23,117.9,8.4,13.9,-31.900000000000006,52,0.4091567661547378,13,High
c.j. stroud,cjstroud,QB,HOU,168.7,184,137,137,137,172,47,220.8,15.9,13.4,-33.89999999999998,23,0.5174069627851141,5,High
zach charbonnet,zachcharbonnet,RB,SEA,134.8,132,138,138,138,134,-6,101.0,7.2,13.5,-34.30000000000001,42,0.639655862344938,26,High
khalil shakir,khalilshakir,WR,BUF,103.7,106,139,139,139,114,-33,114.7,8.2,13.8,-35.10000000000001,53,0.3648827952233525,22,High
rashid shaheed,rashidshaheed,WR,SEA,117.6,119,140,140,140,124,-21,114.1,8.1,13.9,-35.70000000000002,54,0.4091567661547378,13,High
daniel jones,danieljones,QB,IND,161.8,171,141,141,141,164,30,218.8,15.8,13.3,-35.89999999999998,24,0.5432773109243698,4,High
jayden higgins,jaydenhiggins,WR,HOU,128.6,127,142,142,142,131,-15,111.8,7.7,14.3,-38.000000000000014,55,0.4091567661547378,13,Low
matthew golden,matthewgolden,WR,GB,115.3,117,143,143,143,124,-26,111.1,7.8,14.2,-38.70000000000002,56,0.37454981992797115,5,Low
jalen coker,jalencoker,WR,CAR,120.9,123,144,144,144,128,-21,109.3,7.9,13.8,-40.500000000000014,57,0.4091567661547378,13,Medium
tre tucker,tretucker,WR,LV,136.0,135,145,145,145,138,-10,105.8,7.4,14.2,-44.000000000000014,58,0.6116762494471473,41,High
alvin kamara,alvinkamara,RB,NO,145.5,146,146,146,146,146,0,90.9,6.6,13.2,-44.400000000000006,43,0.6818727490996399,19,High
cam ward,camward,QB,TEN,180.7,186,147,147,147,176,39,207.3,15.3,13.3,-47.39999999999998,25,0.5174069627851141,5,Low
woody marks,woodymarks,RB,HOU,144.9,144,148,148,148,145,-4,87.9,6.4,13.6,-47.400000000000006,44,0.639655862344938,26,Low
isiah pacheco,isiahpacheco,RB,DET,144.1,142,149,149,149,144,-7,85.0,6.0,13.3,-50.30000000000001,45,0.639655862344938,26,High
jerry jeudy,jerryjeudy,WR,CLE,134.8,133,150,150,150,137,-17,99.0,7.1,13.6,-50.80000000000001,59,0.4091567661547378,13,High
rashod bateman,rashodbateman,WR,BAL,134.3,131,151,151,151,136,-20,98.8,7.2,13.7,-51.000000000000014,60,0.4091567661547378,13,High
denzel boston,denzelboston,WR,CLE,147.2,151,152,152,152,151,-1,98.3,6.4,14.5,-51.500000000000014,61,0.6116762494471473,41,Rookie / no NFL history
tyjae spears,tyjaespears,RB,TEN,146.1,147,153,153,153,148,-6,82.1,6.1,12.6,-53.20000000000002,46,0.639655862344938,26,High
de'zhaun stribling,dezhaunstribling,WR,SF,147.1,150,154,154,154,151,-4,95.0,6.3,14.5,-54.80000000000001,62,0.6116762494471473,41,Rookie / no NFL history
tyrone tracy jr.,tyronetracy,RB,NYG,155.5,160,155,155,155,159,5,79.8,5.9,13.3,-55.500000000000014,47,0.6818727490996399,19,Medium
john metchie iii,johnmetchie,WR,CAR,122.8,124,156,156,156,132,-32,93.1,6.8,13.9,-56.70000000000002,63,0.37454981992797115,5,High
ricky pearsall,rickypearsall,WR,SF,112.0,116,157,157,157,126,-41,92.9,7.1,13.3,-56.900000000000006,64,0.37454981992797115,5,Medium
chris rodriguez jr.,chrisrodriguez,RB,JAX,157.9,162,158,158,158,161,4,78.3,5.7,12.9,-57.000000000000014,48,0.6818727490996399,19,High
keaton mitchell,keatonmitchell,RB,LAC,146.4,148,159,159,159,151,-11,77.7,5.6,12.5,-57.60000000000001,49,0.639655862344938,26,High
theo wease jr.,theowease,WR,MIA,132.8,129,160,160,160,137,-31,92.1,7.3,12.9,-57.70000000000002,65,0.37454981992797115,5,Low
jalen nailor,jalennailor,WR,LV,142.3,140,161,161,161,145,-21,91.3,6.7,13.5,-58.500000000000014,66,0.4091567661547378,13,High
adonai mitchell,adonaimitchell,WR,NYJ,159.9,167,162,162,162,166,5,90.5,6.2,14.5,-59.30000000000001,67,0.6940276110444178,40,Medium
travis hunter,travishunter,WR,JAX,158.0,164,163,163,163,164,1,89.4,5.4,15.1,-60.400000000000006,68,0.6940276110444178,40,Rookie / no NFL history
antonio williams,antoniowilliams,WR,WAS,159.6,165,164,164,164,165,1,88.8,5.7,14.8,-61.000000000000014,69,0.6940276110444178,40,Rookie / no NFL history
omar cooper jr.,omarcooper,WR,NYJ,163.7,176,165,165,165,173,11,88.5,5.7,14.9,-61.30000000000001,70,0.6940276110444178,40,Rookie / no NFL history
ja'kobi lane,jakobilane,WR,BAL,162.7,174,166,166,166,172,8,88.2,5.6,14.8,-61.60000000000001,71,0.6940276110444178,40,Rookie / no NFL history
jalen mcmillan,jalenmcmillan,WR,TB,136.5,137,167,167,167,144,-30,87.6,6.7,13.2,-62.20000000000002,72,0.37454981992797115,5,Medium
malik washington,malikwashington,WR,MIA,151.9,157,168,168,168,160,-11,87.5,6.2,13.8,-62.30000000000001,73,0.6116762494471473,41,Medium
jauan jennings,jauanjennings,WR,MIN,145.4,145,169,169,169,151,-24,86.8,6.5,13.4,-63.000000000000014,74,0.4091567661547378,13,High
tank dell,tankdell,WR,HOU,148.3,152,170,170,170,156,-18,86.0,6.6,13.1,-63.80000000000001,75,0.4091567661547378,13,Medium
tank bigsby,tankbigsby,RB,PHI,162.1,172,171,171,171,172,1,71.3,5.1,13.3,-64.00000000000001,50,0.6818727490996399,19,High
brian robinson,brianrobinson,RB,ATL,157.5,161,172,172,172,164,-11,69.4,5.1,12.7,-65.9,51,0.639655862344938,26,High
james conner,jamesconner,RB,ARI,152.7,158,173,173,173,162,-15,68.8,5.3,11.4,-66.50000000000001,52,0.6105805958747136,28,High
calvin ridley,calvinridley,WR,TEN,131.7,128,174,174,174,140,-46,82.3,6.8,12.7,-67.50000000000001,76,0.37454981992797115,5,High
cooper kupp,cooperkupp,WR,SEA,154.6,159,175,175,175,163,-16,80.6,6.3,13.1,-69.20000000000002,77,0.4091567661547378,13,High
tyler allgeier,tylerallgeier,RB,ARI,157.9,163,176,176,176,166,-13,65.9,4.8,13.1,-69.4,53,0.6105805958747136,28,High
jonah coleman,jonahcoleman,RB,DEN,150.4,154,177,177,177,160,-23,64.7,4.9,11.9,-70.60000000000001,54,0.6105805958747136,28,Rookie / no NFL history
dylan sampson,dylansampson,RB,CLE,172.1,185,178,178,178,183,7,63.3,4.8,12.6,-72.00000000000001,55,0.6818727490996399,19,Low
kimani vidal,kimanividal,RB,LAC,151.0,155,179,179,179,161,-24,63.1,4.6,11.9,-72.20000000000002,56,0.6105805958747136,28,Medium
mike washington jr.,mikewashington,RB,LV,165.9,178,180,180,180,178,-2,61.4,4.5,12.4,-73.9,57,0.639655862344938,26,Rookie / no NFL history
jordan james,jordanjames,RB,SF,163.9,177,181,181,181,178,-4,61.2,4.7,12.0,-74.10000000000001,58,0.639655862344938,26,Rookie / no NFL history
kayshon boutte,kayshonboutte,WR,NE,167.8,182,182,182,182,182,0,74.6,5.5,13.6,-75.20000000000002,78,0.6940276110444178,40,High
ryan flournoy,ryanflournoy,WR,DAL,160.3,168,183,183,183,172,-15,71.9,5.4,13.9,-77.9,79,0.4091567661547378,13,Medium
pat bryant,patbryant,WR,DEN,167.3,181,184,184,184,182,-3,68.1,4.9,13.8,-81.70000000000002,80,0.6116762494471473,41,Low
isaac teslaa,isaacteslaa,WR,DET,163.0,175,185,185,185,178,-10,64.3,5.0,13.5,-85.50000000000001,81,0.6116762494471473,41,Low
kaelon black,kaelonblack,RB,SF,166.1,179,186,186,186,181,-7,48.6,3.9,12.1,-86.70000000000002,59,0.639655862344938,26,Rookie / no NFL history
